EMPLOYEEID,NAME.FIRST,NAME.MIDDLE,NAME.LAST,NAME.INITIALS,SEX,LANGUAGE,PHONENUMBER,EMAILADDRESS,LOGINNAME,ADDRESSES.ADDRESSID,VALIDITY.STARTDATE,VALIDITY.ENDDATE,CURRENCY,SALARYAMOUNT,ACCOUNTNUMBER,BANKID,BANKNAME,EMPLOYEEPICURL
0000000001,Sally,,Spring,,F,E,+1 224 374 524,sally.spring@itelo.info,SPRINGS,1000000002,2000-01-01,9999-12-31,USD,55549,111222333,0510000655,My Bank of Antioch,/sap/hana/democontent/epm/data/images/female_8_SpringS.jpg
0000000002,Susan,,Summer,,F,E,,susan.summer@itelo.info,SUMMERS,1000000003,2000-01-01,9999-12-31,USD,76239,9988776655,0121000358,My Bank of San Francisco,/sap/hana/democontent/epm/data/images/female_7_SummerS.jpg
0000000003,Franco,,Fall,,M,E,,franco.fall@itelo.info,FALLF,1000000004,2000-01-01,9999-12-31,USD,85962,8877665544,0121000358,My Bank of San Francisco,/sap/hana/democontent/epm/data/images/male_2_FallF.jpg
0000000004,Walter,,Winter,,M,E,,walter.winter@itelo.info,WINTERW,1000000005,2000-01-01,9999-12-31,USD,68597,7766554433,0121000358,My Bank of San Francisco,/sap/hana/democontent/epm/data/images/male_1_WinterW.jpg
0000000005,Maria,,Hicks,,F,E,,maria.hicks@itelo.info,HICKSM,1000000006,2000-01-01,9999-12-31,USD,49876,1122334455,0026005885,My Bank of New York,/sap/hana/democontent/epm/data/images/female_10_HicksM.jpg
0000000006,John,,Dash,,M,E,,john.dash@itelo.info,DASHJ,1000000007,2000-01-01,9999-12-31,USD,72691,5544332211,0121000358,My Bank of San Francisco,/sap/hana/democontent/epm/data/images/male_11_DashJ.jpg
0000000007,Viola,Sarah,Gains,,F,E,+1 224 374 522,viola.gains@itelo.info,GAINSV,1000000008,2000-01-01,9999-12-31,USD,110962,222333444,0510000655,My Bank of Antioch,/sap/hana/democontent/epm/data/images/female_2_GainsV.jpg
0000000008,Randy,,Gordon,,M,E,,randy.gordon@itelo.info,GORDONR,1000000009,2000-01-01,9999-12-31,USD,81463,2233445566,0026005885,My Bank of New York,/sap/hana/democontent/epm/data/images/male_10_GordonR.jpg
0000000009,Paul,,Burke,,M,E,+1 224 374 523,paul.burke@itelo.info,BURKEP,1000000010,2000-01-01,9999-12-31,USD,100491,333444555,0510000655,My Bank of Antioch,/sap/hana/democontent/epm/data/images/male_4_BurkeP.jpg
0000000010,Michael,,Miller,,M,E,,michael.miller@itelo.info,MILLERM,1000000011,2000-01-01,9999-12-31,USD,86574,76543210,0066665555,My Bank of London,/sap/hana/democontent/epm/data/images/male_9_MillerM.jpg
0000000011,John,,Nicols,,M,E,,john.nicols@itelo.info,NICOLSJ,1000000012,2000-01-01,9999-12-31,USD,61579,87654321,0066665555,My Bank of London,/sap/hana/democontent/epm/data/images/male_7_NicolsJ.jpg
0000000012,John,,Smith,,M,E,,john.smith@itelo.info,SMITHJO,1000000013,2000-01-01,9999-12-31,USD,60350,98765432,0066665555,My Bank of London,/sap/hana/democontent/epm/data/images/male_3_SmithJo.jpg
0000000013,Joanne,,Rush,,F,E,,joanne.rush@itelo.info,RUSHJ,1000000014,2000-01-01,9999-12-31,USD,70000,345678901,0099999888,Deutsches Geldinstitut,/sap/hana/democontent/epm/data/images/female_1_RushJ.jpg
0000000014,Sue,,Bay,,F,E,+1 224 374 525,sue.bay@itelo.info,BAYSU,1000000015,2000-01-01,9999-12-31,USD,98631,0099887766,0121000358,My Bank of San Francisco,/sap/hana/democontent/epm/data/images/female_6_BaySu.jpg
0000000015,James,,Field,,M,E,+1 224 374 526,james.field@itelo.info,FIELDJ,1000000016,2000-01-01,9999-12-31,USD,76395,32109876,0066665555,My Bank of London,/sap/hana/democontent/epm/data/images/male_5_FieldJ.jpg
0000000016,Hermann,,Hecker,,M,E,,hermann.hecker@itelo.info,HECKERH,1000000017,2000-01-01,9999-12-31,USD,39874,123456789,0099999888,Deutsches Geldinstitut,/sap/hana/democontent/epm/data/images/male_16_HeckerH.jpg
0000000017,Rudolf,,Platte,,M,E,,rudolf.platte@itelo.info,PLATTER,1000000018,2000-01-01,9999-12-31,USD,45983,234567890,0099999888,Deutsches Geldinstitut,/sap/hana/democontent/epm/data/images/male_15_PlatteR.jpg
0000000018,Al,,Wallace,,M,E,,al.wallace@itelo.info,WALLACEA,1000000019,2000-01-01,9999-12-31,USD,55426,1100998877,0121000358,My Bank of San Francisco,/sap/hana/democontent/epm/data/images/male_13_WallaceA.jpg
0000000019,Jonathan,,East,,M,E,,jonathan.east@itelo.info,EASTJ,1000000020,2000-01-01,9999-12-31,USD,55427,6655443322,0121000358,My Bank of San Francisco,/sap/hana/democontent/epm/data/images/male_12_EastJ.jpg
0000000020,James,,Smith,,M,E,,james.smith@itelo.info,SMITHJ,1000000021,2000-01-01,9999-12-31,USD,38761,456789012,0099999888,Deutsches Geldinstitut,/sap/hana/democontent/epm/data/images/male_14_SmithJ.jpg
0000000021,Megan,,Wang,,F,E,,megan.wang@itelo.info,WANGM,1000000022,2000-01-01,9999-12-31,USD,57985,54321098,0066665555,My Bank of London,/sap/hana/democontent/epm/data/images/female_4_WangM.jpg
0000000022,Anna,,Lerch,,F,E,,anna.lerch@itelo.info,LERCHA,1000000023,2000-01-01,9999-12-31,USD,58768,5566778899,0026005885,My Bank of New York,/sap/hana/democontent/epm/data/images/female_5_LerchA.jpg
0000000023,Clark,,Kent,,M,E,,clark.kent@itelo.info,KENTC,1000000024,2000-01-01,9999-12-31,USD,57000,3344556677,0026005885,My Bank of New York,/sap/hana/democontent/epm/data/images/male_18_KentC.jpg
0000000024,Catherine,,Jones,,F,E,,catherine.jones@itelo.info,JONESC,1000000025,2000-01-01,9999-12-31,USD,59000,4455667788,0026005885,My Bank of New York,/sap/hana/democontent/epm/data/images/female_12_JonesC.jpg
0000000025,Peter,,Douglas,,M,E,,peter.douglas@itelo.info,DOUGLASP,1000000026,2000-01-01,9999-12-31,USD,1500000,666777888,0510000655,My Bank of Antioch,/sap/hana/democontent/epm/data/images/male_8_DouglasP.jpg
0000000026,Frank,,Brown,,M,E,,frank.brown@itelo.info,BROWNF,1000000027,2000-01-01,9999-12-31,USD,53021,6677889900,0026005885,My Bank of New York,/sap/hana/democontent/epm/data/images/male_17_BrownF.jpg
0000000027,Barbara,,Ingalls,,F,E,,barbara.ingalls@itelo.info,INGALLSB,1000000028,2000-01-01,9999-12-31,USD,63443,4433221100,0121000358,My Bank of San Francisco,/sap/hana/democontent/epm/data/images/female_3_IngallsB.jpg
0000000028,Peter,,Fuchs,,M,E,,peter.fuchs@itelo.info,FUCHSP,1000000029,2000-01-01,9999-12-31,USD,71344,65432109,0066665555,My Bank of London,/sap/hana/democontent/epm/data/images/male_20_FuchsP.jpg
0000000029,Mary,,Watson,,F,E,,mary.watson@itelo.info,WATSONM,1000000030,2000-01-01,9999-12-31,USD,64222,43210987,0066665555,My Bank of London,/sap/hana/democontent/epm/data/images/female_13_WatsonM.jpg
0000000030,Karl,,Kessler,,M,E,,karl.kessler@itelo.info,KESSLERK,1000000031,2000-01-01,9999-12-31,USD,97455,7788990011,0026005885,My Bank of New York,/sap/hana/democontent/epm/data/images/male_21_KesslerK.jpg
0000000031,Nora,,Dwyer,,F,E,,nora.dwyer@itelo.info,DWYERN,1000000032,2000-01-01,9999-12-31,USD,50000,0013M02606,0000010100,établissement financier de Paris,/sap/hana/democontent/epm/data/images/female_14_DwyerN.jpg
0000000032,Richard,,Fisher,,F,E,,fisher.richard@itelo.info,FISHERR,1000000033,2000-01-01,9999-12-31,EUR,67234,567890123,0099999888,Deutsches Geldinstitut,/sap/hana/democontent/epm/data/images/male_25_FisherR.jpg
0000000033,EPM,TEST,USER,,F,E,,fisher.richard@itelo.info,EPM_USER,1000000033,2000-01-01,9999-12-31,EUR,67234,567890123,0099999888,Deutsches Geldinstitut,/sap/hana/democontent/epm/data/images/COMPANY_LOGO.JPG
